id,label,titel,name,zweitname,Wikidata-Qid,GND-ID,zuschreibungsfähig? (S. 207f),heute noch berühmt? (S.60),Berufsgruppe,job,birth,death,Arte dei Medici e Speziali,andere Zunftzugehörigkeit,genannt/nachgewiesen/weitere,Vater,Sohn,fatherOf,Bruder,brotherOf,andere Verwandte,uncleOf,otherFamily,teacherOf,masterOf,Ausbildung,Arbeitsverhältnis,Gruppen nach Kapitel 8,Verbindungen nach Kapitel 8,Zuschreibungsdiskussion Seite
186,Fra Giovanni di Piero dal Mugello (Fra Giovanni Angelico),Fra ,Giovanni di Piero dal Mugello,Fra Giovanni Angelico,Q5664,118503081,er.dok.,1,Tafelmaler,tafelmaler,um 1395,1455,keine,,,,,,,,,,,,1447 Benozzo di Lese di Sandro di Lese (Benozzo Gozzoli),,,Angelico-Werkstatt,hatte Gehilfen Benozzo di Lese; Giovanni d’Antonio della Cecca da Firenze; Carlo di Lazzaro da Narni; hatte Schüler Giacomo d’Antonio da Poli,270-273
40,Arcangelo di Cola di Giovanni da Camerino,,Arcangelo di Cola di Giovanni da Camerino,,Q2859943,124836801,er.sign.,nein,Tafelmaler,tafelmaler,,,1420,,in Florenz tätig 1420-1422,,,,,,,,,,,,,Ausländische Wandmaler,,240
180,Giovanni di Gonsalvo da Portogallo,,Giovanni di Gonsalvo da Portogallo,,,,,nein,unspezifizierbarer Maler,undefined,,,keine,,genannt 1436,,,,,,,,,,,,,Ausländische Wandmaler,,242
45,Barnaba di Giovanni,,Barnaba di Giovanni,,,,in Werkstatt 1447,nein,Möbelmaler,moebelmaler,1407,nach 1447,1425,,,,,,,,,,,,,,1423 Geselle bei dem Tafelmaler Gentile di Niccolò da Fabriano,Ausländische Wandmaler,Gehilfe des Gentile di Niccolò da Fabriano,241
250,Michele da Ungheria,,Michele da Ungheria,,,,in Werkstatt 1423,nein,Tafelmaler,tafelmaler,,,keine,,genannt 1423,,,,,,,,,,,,,Ausländische Wandmaler,Gehilfe des Gentile di Niccolò da Fabriano; sonst nicht nachweisbar,241
143,Gentile di Niccolò di Giovanni di Tommaso (Massi) da Fabriano,,Gentile di Niccolò di Giovanni di Tommaso (Massi) da Fabriano,,Q312393,118716832,er.sign.,nein,Tafelmaler,tafelmaler,,,1422,,genannt in Florenz 1420-1425,,,,,,,,,,1423 Barnaba di Giovanni,,,Ausländische Wandmaler,Gehilfen Michele da Ungheria; Iacopo Rustighini da Frigoli; Iacopo di Piero da Venezia; Dante di Bernardo; Niccolò di Giovanni; Giovanni da Imola; Barnaba di Giovanni,240-242
239,Mariotto di Cristofano di Bonaccorso da San Giovanni Valdarno,,Mariotto di Cristofano di Bonaccorso da San Giovanni Valdarno,,Q3293694,1173288430,er.dok.,nein,Tafelmaler; Möbelmaler,tafelmaler,1396,1457,keine,Arte dei Legnaioli 1419,,,,,,,Schwager Tafelmaler Giovanni di ser Giovanni da San Giovanni Valdarno; Schwager Tafelmaler Tommaso di ser Giovanni da San Giovanni Valdarno,Tommaso di ser Giovanni di Simone da San Giovanni Valdarno (Masaccio); Giovanni di ser Giovanni di Simone da San Giovanni Valdarno (Lo Scheggia),,,,,,Bicci-Umkreis,,251
192,Gismirante di Rossello di Iacopo,,Gismirante di Rossello di Iacopo,,,,in Werkstatt bis 1442,nein,Tafelmaler,tafelmaler,1410,nach 1458,1439 als Kaufmann,,,Tafelmaler Rossello di Iacopo,,,,,,,,,,,,Bicci-Umkreis,arbeitete mit Rosello di Iacopo und Giunta di Iacopo,248
290,Rossello di Iacopo di Scolaio Franchi (del Rosso),,Rossello di Iacopo di Scolaio Franchi,del Rosso,Q3442826,130615536,er.sign.,2,Tafelmaler; Möbelmaler,tafelmaler,1376,1456,1397,,,,Maler Gismirante di Rossello,Gismirante di Rossello di Iacopo,Tafelmaler Giunta di Iacopo,Giunta di Iacopo di Scolaio Franchi,,,,,,,,Bicci-Umkreis,eng mit Bruder Giunta di Iacopo; arbeitete einmal mit Bicci di Lorenzo; Giovanni di Marco und Filippo d’Andrea; arbeitete einmal mit Ventura di Moro,248-249
198,Giunta di Iacopo di Scolaio Franchi,,Giunta di Iacopo di Scolaio Franchi,,,,in Werkstatt 1446,nein,Tafelmaler; Möbelmaler,tafelmaler,1379,vor 1442,keine,,,,,,Rossello di Iacopo,Rossello di Iacopo di Scolaio Franchi (del Rosso),,Gismirante di Rossello di Iacopo,,,,,,Bicci-Umkreis,eng mit Bruder Rosello di Iacopo; arbeitete einmal mit Ventura di Moro,248
118,Filippo d'Andrea di Filippo di Borgo (Lippo d'Andrea),,Filippo d'Andrea di Filippo di Borgo,Lippo d'Andrea,Q18627228,123881838,ü.dok.,nein,Tafelmaler,tafelmaler,1377,1447 / 51,1397,,,,,,,,,,,,,,,Bicci-Umkreis,Juniorpartner Ambrogio di Baldese; arbeitete einmal mit Bicci di Lorenzo; Giovanni di Marco und Rosello di Iacopo; einmal mit Ventura di Moro,249-250
184,Giovanni di Marco di Giovanni (Giovanni dal Ponte),,Giovanni di Marco di Giovanni,Giovanni dal Ponte,Q2749321,136822517,er.dok.,2,Tafelmaler; Möbelmaler,tafelmaler,1385,1437,1410,,,,,,,,,,,,,,,Bicci-Umkreis,langjährige Partner Smeraldo di Giovanni,247-248
307,Ventura di Moro di Ventura,,Ventura di Moro di Ventura,,Q3555632,,er.sign.,2,Tafelmaler,tafelmaler,1399,1486,1419,,,,,,,,,,,,,,,Bicci-Umkreis,langjähriger Partner von Giuliano di Iacopo und Marco di Filippo; arbeitete einmal mit Filippo d’Andrea; arbeitete einmal mit Rosello di Iacopo und Giunta di Iacopo,250
238,Marco di Filippo di Giovanni,,Marco di Filippo di Giovanni,,,,in Werkstatt 1431,nein,Tafelmaler,tafelmaler,1405,1474,1431,,,,Maler Filippo di Marco,,,,,,,,,,,Bicci-Umkreis,langjähriger Partner von Giuliano di Iacopo und Ventura di Moro,250
196,Giuliano di Iacopo di Lorino di Cino,,Giuliano di Iacopo di Lorino di Cino,,,,er.sign.,nein,Tafelmaler,tafelmaler,1394,1460,1431,,,unspezifizierbarer Maler Iacopo di Lorino,,,Tafelmaler Antonio di Iacopo,Antonio di Iacopo di Lorino di Cione,Neffe Tafelmaler Iacopo d'Antonio,Iacopo d'Antonio di Iacopo di Lorino,,,,,,Bicci-Umkreis,langjähriger Partner von Marco di Filippo und Ventura di Moro,250
277,Piero di Chellino di Lando di Chellino,,Piero di Chellino di Lando di Chellino,,,,er.dok.,nein,Tafelmaler,tafelmaler,1387,1459,1406,,,,,,,,,,,,,,,Bicci-Umkreis,möglicherweise mit Agnolo di Taddeo Gaddi gelernt,251
145,Gherardo di Iacopo Starna (Starnina),,Gherardo di Iacopo Starna,Starnina,Q2254774,118616854,er.dok.,2,Tafelmaler,tafelmaler,um 1365,1409/1413,1388,,,,,,,,,,,,,,,Generation 1380; Ausländische Wandmaler,Partner Niccolò d’Antonio di Paolo,228-229
38,Antonio di Vita da Pistoia,,Antonio di Vita da Pistoia,,,,ü.sign.,nein,Tafelmaler,tafelmaler,um 1360 / 1365,nach 1403,1385,,,,,,,,,,,,,,,Generation 1381,,234
41,Arrigo di Niccolò di ser Cecco,,Arrigo di Niccolò di ser Cecco,,,101187573X,er.dok.,nein,Tafelmaler,tafelmaler,um 1370,nach 1445,1406,,,,,,,,,,,,,,,Generation 1381,,230-231
115,Donato di Donato,,Donato di Donato,,,,ü.dok.,nein,Mosaizist (und Wandmaler?),mosaizist,,,keine,,genannt 1385-1406,,,,,,,,,,,,,Generation 1381,,233
121,Filippo di Bonaccorso,,Filippo di Bonaccorso,,,,ü.dok.,nein,Mosaizist (und Wandmaler?),mosaizist,um 1365,1427 / 1431,1385,,,,,,,,,,,,,,,Generation 1381,,233
190,Giovanni di Tano di Feo,,Giovanni di Tano di Feo,,Q21850531,124707998,er.dok.,nein,Tafelmaler,tafelmaler,um 1360,nach 1407,1386,,,,,,,,,,,,,,,Generation 1381,,231
220,Lapo di Francesco,,Lapo di Francesco,,,,,nein,Möbelmaler?,moebelmaler,um 1360,nach 1417,keine,,,,,,,,,,,,,,,Generation 1381,,234
231,Lorenzo di Salvo da Magliano,,Lorenzo di Salvo da Magliano,,,,ü.dok.,nein,Tafelmaler,tafelmaler,um 1360,nach 1400,1387,,,,,,,,,,,,,,,Generation 1381,,234
247,Matteo di Pello di Pello,,Matteo di Pello di Pello,,,,ü.dok.,nein,Tafelmaler,tafelmaler,1364,1427 / 1431,keine,,,,,,,,,,,,,,,Generation 1381,,234
287,Piero di Nello da Rabatta,,Piero di Nello da Rabatta,,,,ü.dok.,nein,Tafelmaler,tafelmaler,um 1360,nach 1416,1382,,,,,,,,,,,,,,,Generation 1381,,231-233
55,Bartolomeo di Giovanni di Bartolomeo Cristiani da Pistoia,,Bartolomeo di Giovanni di Bartolomeo Cristiani da Pistoia,,,,in Werkstatt 1424,nein,Tafelmaler,tafelmaler,1367,1448,keine,,,Tafelmaler Giovanni di Bartolomeo Cristiani,,,,,,,,,,,1415 Geselle bei Möbelmaler Andrea di Stagio; 1424-1425 Geselle bei Tafelmaler Bicci di Lorenzo?,Generation 1381,arbeitete bei Andrea di Stagio und Bicci di Lorenzo,234
194,Giuliano d'Arrigo di Gioccolo Giochi (Pesello),,Giuliano d'Arrigo di Gioccolo Giochi,Pesello,Q1773802,1080667814,ü.dok.,nein,Waffenmaler,waffenmaler,1367,1446,1385,,,,,,,,Neffe Waffenmaler Cipriano di Simone; Schwiegersohn unspezifizierbarer Maler Stefano di Francesco Borgoli; Enkel Tafelmaler Francesco di Stefano di Francesco,Cipriano di Simone,Stefano di Francesco Borgoli,,,,,Generation 1381,arbeitete mit Agnolo di Taddeo Gaddi; baute mit Brunellesco; Ghiberi und Battista d’Antonio die Domkuppel;,233
291,Scolaio di Giovanni di Scolaio,,Scolaio di Giovanni di Scolaio,,Q16185854,1025455525,ü.Cat.,nein,Tafelmaler; Maler von opere da drapi,tafelmaler,1368,nach 1433,1402,,,Zimmermaler Giovanni di Scolaio,,,,,,,,,,,,Generation 1381,arbeitete mit Ambrogio di Baldese und später Gherardo di Giovanni,234
286,Piero di Miniato di Meglio,,Piero di Miniato di Meglio,,Q16853804,,er.dok.,nein,Tafelmaler,tafelmaler,1366,nach 1431,1407,,,,,,Tafelmaler Antonio di Miniato,Antonio di Miniato di Meglio,,,,,,,,Generation 1381,Bruder und Mitarbeiter Antonio di Miniato,229-230
34,Antonio di Miniato di Meglio,,Antonio di Miniato di Meglio,,,,er.dok.,nein,Tafelmaler,tafelmaler,1393,1466,keine,,,,,,Tafelmaler Piero di Miniato,Piero di Miniato di Meglio,,,,,,,,Generation 1381,Bruder und Mitarbeiter Piero di Miniato,230
262,Niccolò d'Antonio di Paolo Cruoni,,Niccolò d'Antonio di Paolo Cruoni,,,,ü.dok.,nein,Tafelmaler,tafelmaler,um 1360/1365,nach 1398,1388,,,,,,,,,,,,,,,Generation 1381,Partner Gherardo di Iacopo Starna (Starnina),228+234
293,Smeraldo di Giovanni,,Smeraldo di Giovanni,,Q109886876,,er.dok.,nein,Tafelmaler; Möbelmaler,tafelmaler,1366,1444,1388,,,,,,,,,,,,,,,Generation 1381; Bicci-Umkreis,Werkstattpartner Ambrogio di Baldese; langjährige Partner Giovanni di Marco (dal Ponte),234+247-248
271,Paolo di Dono di Paolo di Dono (Paolo Uccello),,Paolo di Dono di Paolo di Dono,Paolo Uccello,Q192488,118763350,er.sign.,1,Tafelmaler,tafelmaler,1397,1475,1415,,,,,,,,,,,,,,,Ghiberti-Werkstatt,Lehrling bei Lorenzo di Cione Ghiberti,253+258-261
301,Tommaso di Cristofano di Fino (Masolino),,Tommaso di Cristofano di Fino,Masolino,Q318117,118869205,er.sign.,1,Tafelmaler,tafelmaler,1384,nach 1423,,,,Anstreicher Cristofano di Fino,,,,,,,,,,,,Ghiberti-Werkstatt,Sohn des Anstreichers Cristofano di Fino; Schüler in der Ghiberti-Werkstatt; lebte mit Bernardo di Piero Ciuttagni; reiste vermutlich mit Francesco d’Antonio,257
175,Giovanni di Francesco Toscani,,Giovanni di Francesco Toscani,,Q1526455,137461550,er.dok.,nein,Tafelmaler; Möbelmaler,tafelmaler,um 1380,1430,keine,Arte dei Legnaioli 1422,,,,,Tafelmaler Domenico di Francesco Toscani,Domenico di Francesco Toscani,,,,,,,,Ghiberti-Werkstatt,Werkstatt mit Bruder Domenico di Francesco,255
104,Domenico di Francesco Toscani,,Domenico di Francesco Toscani,,Q1526455,137461550,er.dok.,nein,Tafelmaler,tafelmaler,um 1380,1423 / 1427,keine,,,,,,Tafelmaler Giovanni di Francesco Toscani,Giovanni di Francesco Toscani,,,,,,,,Ghiberti-Werkstatt,Werkstatt mit Bruder Giovanni di Francesco Toscani,256+267
68,Benozzo di Lese di Sandro di Lese (Benozzo Gozzoli),,Benozzo di Lese di Sandro di Lese,Benozzo Gozzoli,Q248615,118696831,er.sign.,1,Tafelmaler,tafelmaler,1420,1498,nach 1444?,,,,,,,,,,,,,,1444-1446 Geselle bei Lorenzo di Cione Ghiberti; 1447 Geselle bei Tafelmaler Fra Giovanni,Ghiberti-Werkstatt; Angelico-Werkstatt; späte Maler,Gehilfe bei Lorenzo di Cione Ghiberti; Schüler und Mitarbeiter bei Fra Giovanni/Angelico,254
126,Fra Filippo di Tommaso di Filippo (Fra Filippo Lippi),Fra ,Filippo di Tommaso di Filippo,Fra Filippo Lippi,Q205148,118728539,er.sign.,1,Tafelmaler,tafelmaler,um 1405,1469,keine,,,,,,,,,,,Fra Diamante di Feo da Terranuova (Fra Diamante); 1445/46 Bartolomeo di Giovanni Corradini da Urbino (Fra Carnevale),1447 Fruosino di Piero,,,Lippi-Werkstatt,hatte Gehilfen Giovanni di Francesco; Fra Diamante di Feo da Terranuova Valdarno; Fra Carnevale; sowie unabhängige Maler Piero di Lorenzo; Fruosino di Piero; Barnaba di Giovanni und Stefano di Francesco; Domenico di Tommaso Bigordi (Ghirlandaio); Sohn Filippino; Piermatteo da Amelia,275-277
174,Giovanni di Francesco di Giovanni del Cervelliera da Rovezzano,,Giovanni di Francesco di Giovanni del Cervelliera da Rovezzano,,Q1918707,119027720,er.dok.,nein,Tafelmaler,tafelmaler,1412,1459,1442,,,,,,,,,,,,,,,Lippi-Werkstatt; späte Maler,war Geselle bei Fra Filippo,277-278
272,Paolo di Stefano (Paolo Schiavo),,Paolo di Stefano,Paolo Schiavo,Q3615166,124729193,er.sign.,2,Tafelmaler,tafelmaler,1397,1478,1429,,,,,,Giovanni Schiavo?,Giovanni (Giovanni Schiavo),,,,,,,,Masaccio-Werkstatt/Umfeld,,266-267
179,Giovanni di ser Giovanni di Simone da San Giovanni Valdarno (Lo Scheggia),,Giovanni di ser Giovanni di Simone da San Giovanni Valdarno,Lo Scheggia,Q2738832,121716619,er.sign.,nein,Tafelmaler; Möbelmaler,tafelmaler,1406,1486,1433,,,,,,Tafelmaler Tommaso di ser Giovanni da San Giovanni Valdarno,Tommaso di ser Giovanni di Simone da San Giovanni Valdarno (Masaccio),,,,,,,,Masaccio-Werkstatt/Umfeld,Lehrling bei Bicci di Lorenzo; arbeitete bei Bruder Masaccio,265-266
14,Andrea di Giusto di Giovanni Brugli,,Andrea di Giusto di Giovanni Brugli,,Q1150089,137430671,er.sign.,1,Tafelmaler,tafelmaler,um 1410,1450,1428,Arte dei Legnaioli 1445,,,Tafelmaler Giusto d'Andrea,,,,,,,,,1421-1425 Lehrling bei Bicci di Lorenzo,1427 Geselle bei Tommaso di ser Giovanni da San Giovanni Valdarno,Masaccio-Werkstatt/Umfeld,Schüler Masaccios; Lehrling bei Bicci di Lorenzo; Kontakt zu Mariotto di Manno; Vater des Giusto d’Andrea,264-265
303,Tommaso di ser Giovanni di Simone da San Giovanni Valdarno (Masaccio),,Tommaso di ser Giovanni di Simone da San Giovanni Valdarno,Masaccio,Q5811,118578618,ü.dok.,1,Tafelmaler,tafelmaler,1401,1429 / 1430,1422,,,,,,Tafelmaler Giovanni di ser Giovanni da San Giovanni Valdarno,Giovanni di ser Giovanni di Simone da San Giovanni Valdarno (Lo Scheggia),,,,,1427 Andrea di Giusto di Giovanni Brugli,,,Masaccio-Werkstatt/Umfeld,verschwägert mit Mariotto di Cristofano; arbeitete mit Tommaso di Cristofano; vertrautes Verhältnis zu Donato di Niccolò,261-264
263,Niccolò di ser Lapo di Giovanni,,Niccolò di ser Lapo di Giovanni,,,,,nein,Möbelmaler,moebelmaler,1375,1447 / 1451,1402,,,,,,,,,,,,,,,Miniaturisten & Angeli Generation 1380,Antonio di Matteo di Filippo Torelli arbeitete in seiner Werkstatt; ansonsten nicht berücksichtigt,
62,Bastiano di Niccolò di Monte,,Bastiano di Niccolò di Monte,,,,,nein,Miniaturist,miniaturist,1363,nach 1433,1394,,,,,,,,,,,,,,,Miniaturisten & Angeli Generation 1381,,234
110,Domenico di Niccolò di Miniato,,Domenico di Niccolò di Miniato,,,,,nein,Miniaturist,miniaturist,um 1360,nach 1404,1384,,,,,,,,,,,,,,,Miniaturisten & Angeli Generation 1381,,234
146,Giacomino (Giavachino) di Berto,,Giacomino (Giavachino) di Berto,,,,,nein,Miniaturist,miniaturist,,,keine,,genannt 1388-1410,,,,,,,,,,,,,Miniaturisten & Angeli Generation 1381,,234
129,Francesco d'Antonio di Bartolomeo,,Francesco d'Antonio di Bartolomeo,,Q3750864,129091502,er.sign.,nein,Tafelmaler,tafelmaler,1394,nach 1430,1429,,,,,,,,,,,,,,1411 Don Lorenzo,Miniaturisten & Angeli Generation 1381,Geselle bei Don Lorenzo; befreundet mit Tommaso di Cristofano,238-239
227,Don Lorenzo di Giovanni (Don Lorenzo Monaco),Don ,Lorenzo di Giovanni,Don Lorenzo Monaco,Q155376,118729071,er.dok.,1,Tafelmaler; Miniaturist,tafelmaler,um 1370,1423 / 1426,keine,,Kamaldulensermönch in S.Maria degli Angeli,,,,,,,,,1413 Filippo di Bartolo di Finaldo; 1421 Giovanni di Francesco di Giovanni (Giannino; Giovannino); 1411 Francesco d'Antonio di Bartolomeo,1422 Michele d'Agnolo di Piero; 1422 Piero d'Antonio di Baldo (Piccinino),,,Miniaturisten & Angeli Generation 1381,hatte Gehilfen Giovanni di Bernardo; Giovanni di Francesco; Piero d’Antonio; Francesco di Giovanni; Michele d’Agnolo di Piero,236-238
142,Fra Gabriello,Fra ,Gabriello,,,,,nein,Miniaturist,miniaturist,,,keine,,genannt 1407; Kamaldulensermönch in S.Maria degli Angeli,,,,,,,,,,,,,Miniaturisten & Angeli Generation 1381,Schüler des Don Simone,237
53,Bartolomeo di Fruosino di Fruosino,,Bartolomeo di Fruosino di Fruosino,,,,,nein,Miniaturist,miniaturist,1366,1441,1402,,,,,,,Giovanni di Fruosino di Fruosino,,,,,,,,Miniaturisten & Angeli Generation 1381,Werkstatt Agnolo di Taddeo Gaddi,234-235
244,Matteo di Filippo Torelli,,Matteo di Filippo Torelli,,,,,nein,Miniaturist,miniaturist,1365,1442,1388,,,Bartolomeo di Filippo Torelli,Miniaturist Antonio di Matteo Torelli; Miniaturist Filippo di Matteo Torelli,Antonio di Matteo di Filippo Torelli; Filippo di Matteo di Filippo Torelli,,Miniaturist Bartolomeo di Filippo Torelli,,,,,,,,Miniaturisten & Angeli Generation 1381,Werkstatt mit Bruder Bartolomeo di Filippo Torelli; Umkreis Don Lorenzo,235-236
52,Bartolomeo di Filippo Torelli,,Bartolomeo di Filippo Torelli,,,,,nein,Miniaturist,miniaturist,um 1370,1421 / 1427,1402,,,,,,Miniaturist Matteo di Filippo Torelli,Matteo di Filippo Torelli,,Antonio di Matteo di Filippo Torelli; Filippo di Matteo di Filippo Torelli ,,,,,,Miniaturisten & Angeli Generation 1381,Werkstatt mit Bruder Matteo di Filippo Torelli,235-236
64,Battista di Niccolò da Padova,,Battista di Niccolò da Padova,,Q117425078,,,nein,Miniaturist,miniaturist,,,nach 1444?,,genannt 1425 in Siena; 1445-1452 in Florenz,,,,,,,,,,,,,Miniaturisten 20er,,268-269
163,Giovanni (Giannino) di Bernardo,,Giovanni (Giannino) di Bernardo,,,,in Werkstatt 1421,nein,Miniaturist; Cartolaio,miniaturist,um 1380,nach 1422,1405,,,,,,,,,,,,,,,Miniaturisten 20er,arbeitete mit Don Lorenzo,268
173,Giovanni di Francesco di Giovanni (Giannino; Giovannino),,Giovanni (Giannino) di Francesco di Giovanni,Giovannino,,,,nein,Miniaturist; Cartolaio,miniaturist,1403,nach 1453,1428,,,,,,,,,,,,,1421 Schüler des Tafelmalers Don Lorenzo?,,Miniaturisten 20er,arbeitete mit Don Lorenzo,268
236,Marco di Bartolomeo Rustichi,,Marco di Bartolomeo Rustichi,,,,,nein,Hobbymaler,hobby,1392,1457,keine,Arte di Por S.Maria 1420,,,,,,,,,,,,,,Miniaturisten 20er,Hobbymaler,268
32,Antonio di Matteo di Filippo Torelli,,Antonio di Matteo di Filippo Torelli,,,,,nein,Miniaturist,miniaturist,1390,nach 1433,keine,,,Miniaturist Matteo di Filippo Torelli,Torello d'Antonio Torelli,,Miniaturist Filippo di Matteo Torelli,Filippo di Matteo di Filippo Torelli,,,,,,,,Miniaturisten 20er,Sohn des Matteo di Filippo Torelli; arbeitete in der Werkstatt des Niccolò di ser Lapo,268
63,Battista di Biagio Sanguini,,Battista di Biagio Sanguini,,Q963010,12426915X,,nein,Miniaturist,miniaturist,1392,1451,keine,,,,,,,,,,Berto di ser Marco di Berto Sanguini,,,,,Miniaturisten 20er,vertraut mit Fra Giovanni (empfahl diesen) und stilistisch ähnlich,269-267
298,Stefano di Francesco di Stefano di Giovanni,,Stefano di Francesco di Stefano di Giovanni,,,,ü.dok.,nein,Tafelmaler,tafelmaler,1420,1504,1444,,,,,,,,,,,,,,,späte Maler,,
54,Bartolomeo di Giovanni Corradini da Urbino (Fra Carnevale),,Bartolomeo di Giovanni Corradini da Urbino,Fra Carnevale,Q2245140,129168661,ü.dok.,nein,Tafelmaler,tafelmaler,um 1430,1484,keine,,,,,,,,,,,,,1445/46 Schüler des Tafelmaler Fra Filippo,,Lippi-Werkstatt,Mitarbeiter von Fra Filippo di Tommaso (Filippo Lippi),
98,Fra Diamante di Feo da Terranuova (Fra Diamante),Fra ,Diamante di Feo da Terranuova,Fra Diamante,,143434217,ü.dok.,nein,Tafelmaler,tafelmaler,um 1430,nach 1498,keine,,1483 Prior von S. Pietro di Gello (b. Volterra),,,,,,,,,,,Fra Filippo,,Lippi-Werkstatt,Mitarbeiter von Fra Filippo di Tommaso (Filippo Lippi),
141,Fruosino di Piero,,Fruosino di Piero,,,,,nein,Tafelmaler?,tafelmaler,,,nach 1444?,,genannt 1447,,,,,,,,,,,,1447 Gehilfe des Fra Filippo,Lippi-Werkstatt,Mitarbeiter von Fra Filippo di Tommaso (Filippo Lippi),
30,Antonio di Iacopo di Lorino di Cione,,Antonio di Iacopo di Lorino di Cione,,,,,nein,Waffenmaler,waffenmaler,1392,nach 1433,1418,,,unspezifizierbarer Maler Iacopo di Lorino,Tafelmaler Iacopo d'Antonio,Iacopo d'Antonio di Iacopo di Lorino,Tafelmaler Giuliano di Iacopo,Giuliano di Iacopo di Lorino di Cino,,,,,,,,Bicci-Umkreis,Vater von Iacopo d’Antonio di Iacopo,
241,Mariotto di Nardo di Cione,,Mariotto di Nardo di Cione,,Q1645722,120960095,er.dok.,nein,Tafelmaler,tafelmaler,um 1350,1424 / 1426,1389,,,Tafelmaler Nardo di Cione?,,,,,,,,Bonaiuto di Giovanni di Bartolino Marini (Buto di Giovanni),,,,Orcagna-Werkstatt,enge Beziehung unbekannter Art (Neffe?) von Iacopo di Cione; hat Gehilfen Lorenzo di Cione Ghiberti,215-217
90,Cione di Iacopo di Cione,,Cione di Iacopo di Cione,,,,ü.dok.,nein,Tafelmaler,tafelmaler,um 1360,1421 / 1427,1404,,,Iacopo di Cione,,,,,,,,,,,,Orcagna-Werkstatt; Generation 1380,Schüler/Sohn des Iacopo di Cione,215
268,Niccolò di Tommaso,,Niccolò di Tommaso,,,123045177,er.sign.,nein,Tafelmaler,tafelmaler,um 1320,1405?,1346,,,,,,,,,,,,,,,Orcagna-Werkstatt; vermittelnde Altmeister,Freundeskreis Nardo di Cione; eigenständiger Meister; weit bekannt,212
210,Iacopo di Cione (Robiccia),,Iacopo di Cione,Robiccia,Q2258950,121753271,er.dok.,2,Tafelmaler,tafelmaler,um 1330,nach 1410,1369,,,,Tafelmaler Cione di Iacopo,Cione di Iacopo di Cione,Tafelmaler Andrea di Cione; Tafelmaler Nardo di Cione,,,,,,,,,Orcagna-Werkstatt; vermittelnde Altmeister,Leiter der Orcagna-Werkstatt; Tafel gemeinsam mit unidentifizierbaren Simone und Niccolaio; hat Schüler Sohn Cione di Iacopo und Mariotto di Nardo di Cione,212-215
83,Bonaiuto di Giovanni di Bartolino Marini (Buto di Giovanni),,Bonaiuto di Giovanni di Bartolino Marini,Buto di Giovanni,,,ü.dok.,nein,Tafelmaler; Waffenmaler; Möbelmaler,tafelmaler,1404,1476,1429,,,,,,,,,,,1433 Andrea di Sandro,,ausgebildet bei Tafelmaler Mariotto di Nardo,Geselle Tafelmaler Bicci di Lorenzo; kurzfristiger Partner Tafelmaler Bicci di Lorenzo,Orcagna-Werkstatt; Werkstatt Bicci di Lorenzo,Lehrling bei Mariotto di Nardo; ging dann zu Bicci di Lorenzo,217+246
85,Buono di Marco di Buono,,Buono di Marco di Buono,,,,in Werkstatt 1446,nein,Tafelmaler,tafelmaler,1438,nach 1458,nach 1444?,,,,,,,,,,,,,1446 Lehrling bei Tafelmaler Bicci di Lorenzo?,,späte Maler,,292
193,Don Giuliano degli Amidei,Don ,Giuliano degli Amidei,,,,,nein,Miniaturist; Tafelmaler,miniaturist,um 1425,1496,keine,,Kamaldulensermönch in S.Benedetto fuori di Porta da Pinti,,,,,,,,,,,,,späte Maler,,290-291
311,Zanobi di Iacopo di Piero de’Machiavelli,,Zanobi di Iacopo di Piero de' Machiavelli,,Q2054380,1018282270,er.dok.,nein,Tafelmaler,tafelmaler,1418,1479,nach 1444?,,,,,,,,,,,,,,,späte Maler,,290
310,Zanobi di Benedetto di Caroccio degli Strozzi,,Zanobi di Benedetto di Caroccio degli Strozzi,,Q1284002,123549345,ü.dok.,2,Miniaturist,miniaturist,1412,1468,keine,Arte di Lana?,,,,,,,,,,,,,,späte Maler,arbeitete einmal mit Filippo di Matteo Torelli und Fra Giuliano,293-294
159,Giovanni d'Antonio di Luca di Iacopo Varnucci,,Giovanni d'Antonio di Luca di Iacopo Varnucci,,,,,nein,Miniaturist,miniaturist,1418,1457,nach 1444?,,,,,,Miniaturist Bartolomeo d'Antonio Varnucci,Bartolomeo d'Antonio di Luca di Iacopo Varnucci,,,,,,,,späte Maler,arbeitete mit Bruder Bartolomeo d’Antonio Varnucci,295
48,Bartolomeo d'Antonio di Luca di Iacopo Varnucci,,Bartolomeo d'Antonio di Luca di Iacopo Varnucci,,,,,nein,Miniaturist,miniaturist,1412,1479,1440,,,,,,Miniaturist Giovanni d'Antonio,Giovanni d'Antonio di Luca di Iacopo Varnucci,,,,,,,,späte Maler,arbeitete mit Bruder Giovanni d’Antonio Varnucci,295
264,Niccolò di Niccolò di Dello,,Niccolò di Niccolò di Dello,,,,er.dok.,nein,Tafelmaler,tafelmaler,1413,1471,keine,,,,,,unspezifizierbarer Maler Dello di Niccolò,Dello di Niccolò di Dello (Dello Delli),,,,,,,,späte Maler,Bruder Dello di Niccolò (Delli) und Sansone di Niccolò; mit letzterem lebte er in Spanien zusammen,291-292
97,Dello di Niccolò di Dello (Dello Delli),,Dello di Niccolò di Dello,Dello Delli,,130427764,,nein,unspezifizierbarer Maler,undefined,1404,nach 1446,1433,,,,,,Tafelmaler Niccolò di Niccolò,Niccolò di Niccolò di Dello,,,,,,,,späte Maler,Bruder Niccolò di Niccolò und Sansone di Niccolò,292
138,Francesco di Stefano di Francesco (Pesellino),,Francesco di Stefano di Francesco,Pesellino,Q930831,103126414,er.dok.,2,Tafelmaler,tafelmaler,1422,1457,nach 1444,,,unspezifizierbarer Maler Stefano di Francesco Borgoli,,,,,Gro'vater Waffenmaler Giuliano d'Arrigo,,,,,,,späte Maler,Enkel von Giuliano d’Arrigo; Partner von Piero di Lorenzo di Pratese und Zanobi di Migliore,278-280
237,Marco di Buono di Marco Giamberti,,Marco di Buono di Marco Giamberti,,Q17510972,124533051,er.dok.,nein,Möbelmaler,moebelmaler,1402,1489,1426,,,,Tafelmaler Buono di Marco,Buono di Marco di Buono,,,,,,,,,,späte Maler,lernte bei Bicci di Lorenzo; Partner von Apollonio di Giovanni,287-288
312,Zanobi di Migliore,,Zanobi di Migliore,,Q98110583,,,nein,Möbelmaler,moebelmaler,,,keine,unbekannt,genannt 1449-1475,,,,,,,,,,,,,späte Maler,Partner von Francesco di Stefano di Francesco (Pesellino),
39,Appolonio di Giovanni di Tommaso,,Appolonio di Giovanni di Tommaso,,Q2858468,124255140,er.dok.,nein,Möbelmaler,moebelmaler,1415,1465,1442,,,,,,,,,,,,,,,späte Maler,Partner von Marco di Buono,287-288
279,Piero di Donnino di Giovanni,,Piero di Donnino di Giovanni,,,,er.sign.,nein,Spielkartenmaler,naibi,1413,nach 1447,keine,,,Spielkartenmaler Donnino di Giovanni,,,Spielkartenmaler Giovanni di Donnino,Giovanni di Donnino di Giovanni,,,,,,,,späte Maler,Sohn des Donnino di Giovanni,291
124,Filippo di Matteo di Filippo Torelli,,Filippo di Matteo di Filippo Torelli,,,,,nein,Miniaturist,miniaturist,1410,1468,keine,,,Miniaturist Matteo di Filippo Torelli,Miniaturist Iacopo di Filippo Torelli,,Miniaturist Antonio di Matteo Torelli,Antonio di Matteo di Filippo Torelli,,,,,Prete ser Riccardo di Giovanni da Castelfiorentino,,,späte Maler,Sohn und Schüler des Matteo di Filippo Torelli; hatte vielleicht Schüler Prete der Rissardo di Giovanni da Castelfiorentino,293-294
207,Iacopo d'Antonio di Iacopo di Lorino,,Iacopo d'Antonio di Iacopo di Lorino,,,,er.dok.,nein,Tafelmaler,tafelmaler,1427,1454,nach 1444,,,Waffenmaler Antonio di Iacopo,,,,,Onkel Giuliano di Iacopo,,,,,,,späte Maler,Sohn von Antonio di Iacopo di Lorino und Neffe von Giuliano di Iacopo; arbeitete in Giuliano di Iacopos Werkstatt,284
259,Neri di Bicci di Lorenzo,,Neri di Bicci di Lorenzo,,Q1452198,128387009,er.dok.,2,Tafelmaler,tafelmaler,1419,1493,nach 1444?,,,Tafelmaler Bicci di Lorenzo,,,,,,,,,,,,späte Maler,Sohn von Bicci di Lorenzo,288-289
5,Alesso di Baldovinetto d’Alesso de’ Baldovinetti,,Alesso di Baldovinetto d'Alesso de' Baldovinetti,,Q472073,118859471,er.dok.,2,Tafelmaler,tafelmaler,1427,1499,nach 1444,,,,,,,,,,,,,,,späte Maler,stellte ein Bild von Andrea di Bartolomeo da Castagno und Domenico di Bartolomeo da Venezia fertig,285-286
8,Andrea di Bartolomeo di Simone da Castagno (Andrea del Castagno),,Andrea di Bartolomeo di Simone da Castagno,Andrea del Castagno,Q240737,118638653,er.sign.,1,Tafelmaler,tafelmaler,1421,1457,1444,,,,,,,,,,,,,,,späte Maler,vage Verbindung zu Paolo di Dono,283-284
289,Prete ser Riccardo di Giovanni da Castelfiorentino,Prete ser ,Riccardo di Giovanni da Castelfiorentino,,,,,nein,Miniaturist,miniaturist,,,keine,,,,,,,,,,,,,,Mitarbeiter (Schüler?) bei Miniaturist Filippo di Matteo Torelli,späte Maler,vielleicht Schüler von Filippo di Matteo Torelli; auf jeden Fall bekannter Maler,294-295
103,Domenico di Francesco d'Antonio (Michelino),,Domenico di Francesco d'Antonio,Michelino,,,ü.dok.,nein,Tafelmaler,tafelmaler,1417,1491,1444,,,,,,,,,,,,,,,Veneziano-Werkstatt und Umfeld,,286
101,Domenico di Bartolomeo da Venezia (Domenico Veneziano),,Domenico di Bartolomeo da Venezia,Domenico Veneziano,Q368546,119028514,er.sign.,1,Tafelmaler,tafelmaler,,,keine,,bezeugt in Florenz 1439-1461,,,,,,,,,1447-1448 Antonio di Giovanni di Tommaso,,,,Veneziano-Werkstatt und Umfeld,hatte Schüler Piero di Benedetto da Sansepolcro und unidentifizierbarer Antonio di Giovanni,280-283
276,Piero di Benedetto di Piero Franceschi da Sansepolcro (Piero della Francesca),,Piero di Benedetto di Piero Franceschi da Sansepolcro,Piero della Francesca,Q5822,118524577,er.sign.,nein,Tafelmaler,tafelmaler,,,keine,,genannt in Florenz 1439-1445,,,,,,,,,,,,,Veneziano-Werkstatt und Umfeld,lernte bei Domenico di Bartolomeo da Venezia,281
6,Ambrogio di Baldese D’Ambrogio,,Ambrogio di Baldese D'Ambrogio,,Q2842361,129128252,er.dok.,nein,Tafelmaler,tafelmaler,1352,1429,1372,Arte dei Legnaioli 1422,,,,,,,,,,,,,,vermittelnde Altmeister,mit Niccolò di Piero Gerini; aber nicht aus derselben Werkstatt,220-221
88,Cenni di Francesco di ser Cenni,,Cenni di Francesco di ser Cenni,,Q2260399,133211061,er.sign.,nein,Tafelmaler,tafelmaler,um 1340 / 1350,1414,1369,,,,,,,,,,,,,,,vermittelnde Altmeister,vollendete von Iacopo di Cione begonnenes Werk,217
274,Piero d'Antonio di Baldo (Piccinino),,Piero d'Antonio di Baldo,Piccinino,,,in Werkstatt 1421,nein,Ceri-Maler,ceri,1394,nach 1458,1417,,,Niccolò d'Antonio di Baldo (Piccinino),unspezifizierbarer Maler Iacopo di Piero,Iacopo di Piero d'Antonio (Piccino); Baldo di Piero d'Antonio di Baldo,,,,,,,,1422 Mitarbeiter bei Don Lorenzo,,Weitere Maler 20er,Bruder des Niccolò d’Antonio di Baldo; Schüler von Don Lorenzo,267
261,Niccolò d'Antonio di Baldo (Piccinino),,Niccolò d'Antonio di Baldo,Piccinino,,,ü.dok.,nein,Tafelmaler,tafelmaler,,,keine,,genannt 1425-1426,,,,Ceri-Maler Piero d'Antonio,Piero d'Antonio di Baldo (Piccinino),,Iacopo di Piero d'Antonio (Piccino); Baldo di Piero d'Antonio di Baldo,,,,,,Weitere Maler 20er,Bruder des Piero d’Antonio di Baldo,267
309,Vittorio di Giovanni di Iacopo di Gherardo,,Vittorio di Giovanni di Iacopo di Gherardo,,,,in Werkstatt 1427,nein,Tafelmaler,tafelmaler,1408,nach 1447,keine,,,,,,Tafelmaler Gherardo di Giovanni,Gherardo di Giovanni di Iacopo di Gherardo,,,,,,,,Weitere Maler 20er,Bruder und Geselle von Gherardo di Giovanni,267
144,Gherardo di Giovanni di Iacopo di Gherardo,,Gherardo di Giovanni di Iacopo di Gherardo,,,,in Werkstatt 1431,nein,Tafelmaler; Maler von opere da drapi,tafelmaler,1401,nach 1447,1426,,,,,,Tafelmaler Vittorio di Giovanni,Vittorio di Giovanni di Iacopo di Gherardo,,,,,,,,Weitere Maler 20er,Juniorpartner des Scolaio di Giovanni; deren gemeinsamer Geselle war Bruder Vittorio di Giovanni,267
164,Giovanni di Berto di Bartolo,,Giovanni di Berto di Bartolo,,,,in Werkstatt 1431,nein,Tafelmaler?,tafelmaler,um 1380,1450,1402,,,,,,,,,,,,,,,Weitere Maler 20er,kurzfristiger Partner des Bonaiuto di Giovanni,267
283,Piero di Lorenzo di Niccolò di Martino,,Piero di Lorenzo di Niccolò di Martino,,,,ü.Cat.,nein,Tafelmaler,tafelmaler,1402,1451 / 1458,1422,,,Tafelmaler Lorenzo di Niccolò,,,,,,,,,,,,Weitere Maler 20er,Vetter und Partner von Bartolomeo di Piero di Niccolò; Sohn der Gerini-Partners Lorenzo di Niccolò,267
59,Bartolomeo di Piero di Niccolò di Martino,,Bartolomeo di Piero di Niccolò di Martino,,,,ü.Cat.,nein,Tafelmaler,tafelmaler,um 1390,1427 / 1431,1412,,,,,,,,Neffe Tafelmaler Piero di Lorenzo di Niccolò,Piero di Lorenzo di Niccolò di Martino,,,,,,Weitere Maler 20er,Vetter und Partner von Piero di Lorenzo di Niccolò,267
78,Bicci di Lorenzo di Bicci,,Bicci di Lorenzo di Bicci,,Q856749,122312902,er.dok.,2,Tafelmaler,tafelmaler,1373,1452,1398,,,Tafelmaler Lorenzo di Bicci,Tafelmaler Neri di Bicci,Neri di Bicci di Lorenzo,,,,,,1421-1425 Andrea di Giusto di Giovanni Brugli; 1421-1429 Stefano d'Antonio di Giovanni di Guido; 1424-1427 Antonio di Tommaso (Mazzingo); 1446 Buono di Marco di Buono,Bonaiuto di Giovanni di Bartolino Marini (Buto di Giovanni); 1447 Antonio di Lorenzo; 1421-1429 Stefano d'Antonio di Giovanni di Guido; 1424-1425 Bartolomeo di Giovanni di Bartolomeo Cristiani da Pistoia,,,Werkstatt Bicci di Lorenzo,Lehrer von Lo Scheggia; Andrea di Giusto; Antonio di Tommaso; Bartolomeo di Giovanni; Stefano d’Antonio; Bonaiuto di Giovanni; Neri di Bicci; Buono di Marco; Antonio di Lorenzo,242-245
295,Stefano d'Antonio di Giovanni di Guido,,Stefano d'Antonio di Giovanni di Guido,,,,er.dok.,nein,Tafelmaler,tafelmaler,1405,1483,1429,,,,,,,,,,,,,1421-1429 Lehrling bei Tafelmaler Bicci di Lorenzo,1421-1429 Tafelmaler Geselle bei Bicci di Lorenzo,Werkstatt Bicci di Lorenzo,Partner von Bicci di Lorenzo; sehr eng,246
224,Lorenzo di Bicci da Nipozzano,,Lorenzo di Bicci da Nipozzano,,Q2254738,131771841,ü.dok.,2,Tafelmaler,tafelmaler,um 1340,1427,ca.1359,,,,Tafelmaler Bicci di Lorenzo,Bicci di Lorenzo di Bicci,,,,,,,,,,Werkstatt Bicci di Lorenzo; vermittelnde Altmeister,,226-227
80,Bindo di Niccolò di Piero Gerini,,Bindo di Niccolò di Piero Gerini,,,,ü.dok.,nein,Tafelmaler,tafelmaler,1363,nach 1447,1417,,,Tafelmaler Niccolò di Piero Gerini,,,,,,,,,,,,Werkstatt Niccolò di Piero Gerini; Generation 1380,arbeitete mit Vater Niccolò di Piero Gerini,220
228,Lorenzo di Niccolò di Martino,,Lorenzo di Niccolò di Martino,,Q3259520,133613321,er.dok.,nein,Tafelmaler,tafelmaler,um 1370,nach 1411,1392,,,,,Piero di Lorenzo di Niccolò di Martino,,,,,,,,,,Werkstatt Niccolò di Piero Gerini; Generation 1380,langfristiger Werkstattpartner des Niccolo di Piero Gerini und dort ausgebildet,221-222
265,Niccolò di Piero di Gero Gerini,,Niccolò di Piero di Gero Gerini,,Q1077403,122901592,er.sign.,2,Tafelmaler,tafelmaler,um 1340/1350,1414?,1368,,,,Tafelmaler Bindo di Niccolò,Bindo di Niccolò di Piero Gerini,,,,,,,,,,Werkstatt Niccolò di Piero Gerini; vermittelnde Altmeister,arbeitete mit Iacopo di Cione; Ambrogo di Baldese; Agnolo di Taddeo Gaddi; Lorenzo di Niccolò; Spinello di Luca da Arezzo; später Alvaro di Perez; Filippo d’Andrea; und Sohn Bindo di Niccolò,217-220
202,Guasparre di Spinello di Luca da Arezzo (Parri Spinelli),,Guasparre di Spinello di Luca da Arezzo,Parri Spinelli,Q2718358,121174468,er.dok.,2,Tafelmaler,tafelmaler,1386,1453,keine,,,Tafelmaler Spinello di Luca da Arezzo,,,,,,,,,,,,Werkstatt Spinello di Luca da Arezzo,arbeitete mit Vater Spinello di Luca,226
294,Spinello di Luca di Spinello di Forzore da Arezzo (Spinello Aretino),,Spinello di Luca di Spinello di Forzore da Arezzo,Spinello Aretino,Q287934,118798278,er.sign.,2,Tafelmaler,tafelmaler,um 1350,1411,1386/1387,,,,Tafelmaler Guasparre di Spinello,Guasparre di Spinello di Luca da Arezzo (Parri Spinelli),,,,,,,,,,Werkstatt Spinello di Luca da Arezzo; vermittelnde Altmeister,arbeitete mit Sohn Guasparre; arbeitete mit Niccolò di Piero Gerini und Lorenzo di Niccolò,222-226
1,Agnolo di Baldino di Michele,,Agnolo di Baldino di Michele,,,,,nein,Zimmermaler,zimmermaler,um 1370,1410 / 1427,1401,,,,Michele d'Agnolo,Michele d'Agnolo di Baldino di Michele,,,,,,,,,,,,
2,Agnolo di Filippo di Paolo (Agnolo di Lazzaro),,Agnolo di Filippo di Paolo,Agnolo di Lazzaro,,,,nein,Glasmaler,glasmaler,1386,1470,1407,,,unspezifizierbarer Maler Filippo di Paolo,Glasmaler Biago d'Agnolo; Glasmaler Paolo d'Agnolo; Glasmaler Lorenzo d'Agnolo,Biagio d'Agnolo di Filippo di Paolo,,,,,,,,,,,,
4,Alberto di Michele di Giovanni Stracchi,,Alberto di Michele di Giovanni Stracchi,,,,,nein,Möbelmaler,moebelmaler,1412,nach 1458,1440,,,Möbelmaler Michele di Giovanni Stracchi,,,,,,,,,,,,,,
7,Ambrogio di Salario da Sardegna,,Ambrogio di Salario da Sardegna,,,,,nein,unspezifizierbarer Maler,undefined,,,keine,,bezeugt 1433 in Florenz,,,,,,,,,,,,,,,
9,Andrea di Benedetto di Benedetto,,Andrea di Benedetto di Benedetto,,,,,nein,Möbelmaler,moebelmaler,1393,1433 / 1442,keine,,,,,,Möbelmaler Michele di Benedetto; Möbelmaler Piero di Benedetto,Michele di Benedetto di Benedetto (Michelino); Piero di Benedetto di Benedetto,,,,,,,,,,
10,Andrea di Domenico di Guido,,Andrea di Domenico di Guido,,,,,nein,Möbelmaler,moebelmaler,um 1360 / 1365,1422 / 1427,1422,Arte dei Legnaioli vor 1422,,Möbelmaler Domenico di Guido,,,Möbelmaler Guido di Domenico; Möbelmaler Tommaso di Domenico,Guido di Domenico di Guido; Tommaso di Domenico di Guido,,Bartolomeo di Tommado di Domenico,,,,,,,,
11,Andrea di Giovanni di Francesco Mangiabotti,,Andrea di Giovanni di Francesco Mangiabotti,,,,,nein,Stoffmaler,stoffmaler,1397,nach 1458,1434,,,,Stoffmaler Francesco d'Andrea,Francesco d'Andrea di Giovanni Mangiabotti,,,,,,,,,,,,
12,Andrea di Giovanni di Guiduccio,,Andrea di Giovanni di Guiduccio,,,,,nein,Möbelmaler,moebelmaler,um 1350,1425,1375,,,,,,,,,,,,,,,,,
13,Andrea di Giuliano d'Andrea,,Andrea di Giuliano d'Andrea,,,,,nein,Waffenmaler,waffenmaler,1420,nach 1447,1438,,,,,,,,,,,,,1433 Lehrling bei den Waffenmaler Stefano di Lorenzo und Waffenmaler Iacopo di Cristofano im Corso degli Adimari,,,,
15,Andrea di Matteo,,Andrea di Matteo,,,,,nein,unspezifizierbarer Maler,undefined,,,1444?,,genannt 1443,,,,,,,,,,,,,,,
16,Andrea di Nuto,,Andrea di Nuto,,,,,nein,Möbelmaler,moebelmaler,um 1345,1411?,1367,Arte dei Legnaioli 1422,,,Waffenmaler Cristofano d'Andrea,Cristofano d'Andrea di Nuto,,,,,,,,,,,,
17,Andrea di Sandro,,Andrea di Sandro,,,,,nein,Waffenmaler,waffenmaler,um 1420,,keine,,,,,,,,,,,,,1433 Lehrling bei Bonaiuto di Giovanni,,,,
18,Andrea di Stagio di Dino Guiducci,,Andrea di Stagio di Dino Guiducci,,,,,nein,Möbelmaler,moebelmaler,1372,1444,1402,Arte dei Legnaioli 1422,,,Möbelmaler Antonio d'Andrea,Antonio d'Andrea di Stagio di Dino,,,,,,1427 Bettuccio di Matteo (Cannerino); 1427 Anolo di Giovanni,1415 Bartolomeo di Giovanni di Bartolomeo Cristiani da Pistoia,,,,,
3,Anolo di Giovanni,,Anolo di Giovanni,,,,,nein,Möbelmaler,moebelmaler,um 1415,,keine,,,,,,,,,,,,,1427 Lehrling bei dem Möbelmaler Andrea di Stagio,,,,
20,Antonio d'Andrea di Stagio di Dino,,Antonio d'Andrea di Stagio di Dino,,,,,nein,Möbelmaler,moebelmaler,1412,nach 1443,1433,,,Möbelmaler Andrea di Stagio,,,,,,,,,,,,,,
21,Antonio d'Antonio,,Antonio d'Antonio,,Q112274767,,,nein,unspezifizierbarer Maler,undefined,,,keine,,genannt 1410,,,,,,,,,,,,,,,
19,Antonio dalla Mattonaia,,Antonio dalla Mattonaia,,,,,nein,unspezifizierbarer Maler,undefined,,,keine,,genannt 1410,,,,,,,,,,,,,,,
22,Antonio di Cambio,,Antonio di Cambio,,,,,nein,Zimmermaler,zimmermaler,um 1360 / 1365,1414,1380,,,,,,,,,,,,,,,,,
23,Antonio di Dino d'Agnolo,,Antonio di Dino d'Agnolo,,,,,nein,Gipsspezialist,gipsspezialist,1402,nach 1458,1428,,,,,,,,,,,,,,,,,
24,Antonio di Domenico di Neri di Lapino,,Antonio di Domenico di Neri di Lapino,,,,,nein,Möbelmaler,moebelmaler,1415,nach 1458,1435,Arte dei Legnaioli 1436,,,,,,,,,,,,,,,,
25,Antonio di Francesco di Giovanni,,Antonio di Francesco di Giovanni,,,,,nein,Möbelmaler,moebelmaler,um 1360,1411 / 1412,1382,,,,,,,,,,,,,,,,,
26,Antonio di Giovanni da Trebbio,,Antonio di Giovanni da Trebbio,,,,,nein,unspezifizierbarer Maler,undefined,um 1360,1414,1384,,,,,,,,,,,,,,,,,
27,Antonio di Giovanni di ser Francesco Alfani,,Antonio di Giovanni di ser Francesco Alfani,,,,,nein,unspezifizierbarer Maler,undefined,1396,nach 1468,1434,,,,,,,,,,,,,,,,,
28,Antonio di Giovanni di Tommaso,,Antonio di Giovanni di Tommaso,,,,in Werkstatt 1447,nein,Tafelmaler,tafelmaler,um 1430,1488,nach 1444?,,,,,,,,,,,,,1447-1448 Lehrling bei Domenico di Bartolomeo da Venezia,,,,
29,Antonio di Iacopo (Schiaccina),,Antonio di Iacopo,Schiaccina,,,,nein,Möbelmaler,moebelmaler,1361,nach 1431,keine,unbekannt,,,,Iacopo d'Antonio di Iacopo di Lorino,,,,,,,,,,,,
31,Antonio di Lorenzo,,Antonio di Lorenzo,,,,in Werkstatt 1447,nein,Tafelmaler,tafelmaler,um 1430,,nach 1444?,,,,,,,,,,,,,,1447 Geselle bei Bicci di Lorenzo?,,,
33,Antonio di Michele di Ventura,,Antonio di Michele di Ventura,,,,,nein,unspezifizierbarer Maler,undefined,um 1360 / 1365,nach 1410,1384,,,,unspezifizierbarer Maler Bartolomeo d'Antonio,Bartolomeo d'Antonio di Michele,,,,,,,,,,,,
35,Antonio di Piero d'Andrea,,Antonio di Piero d'Andrea,,,,,nein,Möbelmaler,moebelmaler,1392,1456 / 1458,1420,Arte dei Legnaioli 1437,,Möbelmaler Piero d'Andrea,Iacopo d'Antonio di Piero,Iacopo d'Antonio di Piero d'Andrea,,,,,,,,,,,,
36,Antonio di Piero di Francesco,,Antonio di Piero di Francesco,,,,,nein,unspezifizierbarer Maler,undefined,um 1410 / 1415,,1434,,,,,,,,,,,,,,,,,
37,Antonio di Tommaso (Mazzingo),,Antonio di Tommaso,Mazzingo,,,,nein,Möbelmaler,moebelmaler,um 1410 / 1415,nach 1472,1434,,,,,,,,,,,,,1424-1427 Lehrling bei Bicci di Lorenzo?,,,,
42,Baldassare di Giovanni d'Antonio,,Baldassare di Giovanni d'Antonio,,,,,nein,unspezifizierbarer Maler,undefined,1422,nach 1458,nach 1444?,,,,Maler Giovanni di Baldassare,,,,,,,,,,,,,
43,Baldo di Giovanni Galli,,Baldo di Giovanni Galli,,,,,nein,unspezifizierbarer Maler,undefined,,,1415,,genannt 1415-1423,,,,,,,,,,,,,,,
44,Baldo di Piero d'Antonio di Baldo,,Baldo di Piero d'Antonio di Baldo,,,,,nein,Spielkartenmaler,naibi,1425,nach 1458,nach 1444?,,,Möbelmaler Piero d'Antonio,,,,,,,,,,,,,,
46,Barnaba di Michele di Borgo (Fattorino),,Barnaba di Michele di Borgo,Fattorino,,,,nein,Gipsspezialist,gipsspezialist,um 1385,nach 1412,1406,,,,Gipsspezialist Giovanni di Barnaba,Giovanni di Barnaba di Michele,,,,,,,,,,,,
47,Bartolo (Pesello),,Bartolo,Pesello,,,,nein,unspezifizierbarer Maler,undefined,,,keine,,genannt 1410,,,,,,,,,,,,,,,
49,Bartolomeo d'Antonio di Michele,,Bartolomeo d'Antonio di Michele,,,,,nein,unspezifizierbarer Maler,undefined,um 1380,nach 1424,1402,,,,,,,,,,,,,,,,,
50,Bartolomeo di Bertozzo,,Bartolomeo di Bertozzo,,,,,nein,Zimmermaler,zimmermaler,um 1355/60,nach 1410,1378,,,,,,,,,,,,,,,,,
51,Bartolomeo di Donato di Filippo,,Bartolomeo di Donato di Filippo,,,,,nein,Ceri-Maler; zuvor Möbelmaler,ceri,1391,nach 1470,1420,Arte dei Legnaioli 1437,,,,,,,,,,,,,,,,
56,Bartolomeo di Giovanni di Guido,,Bartolomeo di Giovanni di Guido,,,,,nein,unspezifizierbarer Maler,undefined,um 1360 / 1365,nach 1410,1379,,,,,,,,,,,,,,,,,
57,Bartolomeo di Lorenzo di Gherardino,,Bartolomeo di Lorenzo di Gherardino,,,,,nein,Möbelmaler,moebelmaler,1362,nach 1431,1384,,,,,,,,,,,,,,,,,
58,Bartolomeo di Michele di Lapo del Corazza,,Bartolomeo di Michele di Lapo del Corazza,,,,,nein,Hobbymaler,hobby,1381,1449,,Arte dei Vinattieri 1404,,,,,,,,,,,,,,,,
61,Bartolomeo di Tommado di Domenico,,Bartolomeo di Tommado di Domenico,,,,,nein,Möbelmaler,moebelmaler,1393,nach 1458,1412,Arte dei Legnaioli 1444,,Möbelmaler Tommaso di Domenico,,,,,,,,,,,,,,
65,Benci di Borazzo (Durazzo?),,Benci di Borazzo,Durazzo?,,,,nein,unspezifizierbarer Maler,undefined,,,keine,,genannt 1404,,,,,,,,,,,,,,,
67,Benedetto di Simone di Nese,,Benedetto di Simone di Nese,,,,,nein,Stoffmaler,stoffmaler,um 1360,1419 / 1427,keine,,,,,,,,,,,,,,,,,
69,Bernardo di Dino di Giovanni Amici,,Bernardo di Dino di Giovanni Amici,,,,,nein,Möbelmaler,moebelmaler,1402,nach 1433,keine,,,,,,Möbelmaler Giovanni di Dino; Möbelmaler Silvestro di Dino,Giovanni di Dino di Giovanni Amici (Stampino); Silvestro di Dino di Giovanni di Dino Amici,,,,,,,,,,
70,Bernardo di Francesco di Barnaba,,Bernardo di Francesco di Barnaba,,,,,nein,Glasmaler,glasmaler,1379,nach 1460,1406,,,,,,,,,,,,,,,,,
72,Berto di Iacopo di Lapo di Guccio,,Berto di Iacopo di Lapo di Guccio,,,,,nein,unspezifizierbarer Maler,undefined,um 1360,nach 1410,keine,,,Wandmaler Iacopo di Lapo,,,,Matteo di Iacopo di Lapo di Guccio,,,,,,,,,,
74,Berto di Segna d'Andrea,,Berto di Segna d'Andrea,,,,,nein,Stoffmaler,stoffmaler,1406,nach 1451,keine,,,,,,,,,,,,,,,,,
73,Berto di ser Marco di Berto Sanguini,,Berto di ser Marco di Berto Sanguini,,,,,nein,Miniaturist,miniaturist,1427,nach 1473,keine,,,,,,,,verwandt Miniaturist Battista di Biagio Sanguini,,Battista di Biagio Sanguini,,,,,,,
75,Bettino di Zanobi di Bettino,,Bettino di Zanobi di Bettino,,,,,nein,Zimmermaler,zimmermaler,1373,nach 1442,1411,,,,,,,,,,,,,,,,,
76,Bettuccio di Matteo (Cannerino),,Bettuccio di Matteo,Cannerino,,,,nein,Möbelmaler,moebelmaler,1405,nach 1458,keine,,,,,,,,,,,,,1427 Lehrling bei dem Möbelmaler Andrea di Stagio,,,,
77,Biagio d'Agnolo di Filippo di Paolo,,Biagio d'Agnolo di Filippo di Paolo,,,,,nein,Glasmaler,glasmaler,1417,nach 1443,nach 1444?,,,Glasmaler Agnolo di Filippo,,,,,,,,,,,,,,
79,Bindo di Lorenzo di Bindo di Filippo Rosselli,,Bindo di Lorenzo di Bindo di Filippo Rosselli,,,,,nein,Miniaturist,miniaturist,um 1425,1456,keine,,,Miniaturist Lorenzo di Bindo Rosselli,,,,,,,,,,,,,,
81,Bonaccorso di Bettino di Bonaccorso,,Bonaccorso di Bettino di Bonaccorso,,,,,nein,Waffenmaler,waffenmaler,1406,nach 1447,keine,,,,,,,,,,,,,,,,,
84,Braccio di Niccolò,,Braccio di Niccolò,,,,,nein,Möbelmaler,moebelmaler,um 1350,nach 1410,1373,,,,,,,,,,,,,,,,,
86,Calvano di Cristofano Calvanesi,,Calvano di Cristofano Calvanesi,,,,,nein,Waffenmaler,waffenmaler,1373,1447 / 1451,1397,,,,,,,,,,,,,,,,,
87,Carlo di Francesco d'Amerigo Zati,,Carlo di Francesco d'Amerigo Zati,,,,,nein,Glasmaler,glasmaler,1413,nach 1453,keine,,,,,,,,,,,,,,,,,
89,Chimente di Lorenzo di Filippo Rosselli,,Chimente di Lorenzo di Filippo Rosselli,,,,in Werkstatt 1457,nein,Tafelmaler,tafelmaler,1418,1482,1441,,,,,,,,,,,,,,,,,
91,Cipriano di Simone di Francesco,,Cipriano di Simone di Francesco,,,,,nein,Waffenmaler,waffenmaler,1394,1451,1421,,,,,,,,Onkel Giuliano d'Arregio,,,,,,,,,
92,Cola d'Antonio di Chela,,Cola d'Antonio di Chela,,,,,nein,unspezifizierbarer Maler,undefined,1393,nach 1442,keine,,,,,,,,,,,,,,,,,
93,Contro di Giovanni,,Contro di Giovanni,,,,,nein,Ceri-Maler,ceri,um 1375,nach 1410,1393,,,,,,,,,,,,,,,,,
94,Cristofano d'Andrea di Nuto,,Cristofano d'Andrea di Nuto,,,,,nein,Waffenmaler,waffenmaler,um 1375,1425,1398,,,Möbelmaler Andrea di Nuto,Waffenmaler Iacopo di Cristofano,Iacopo di Cristofano d'Andrea di Nuto,,,,,,,,,,,,
95,Cristofano di Fino,,Cristofano di Fino,,,,,nein,Anstreicher,anstreicher,1354,1427 / 1431,keine,,,,Tommaso di Cristofano,Tommaso di Cristofano di Fino (Masolino),,,,,,,,,,,,
96,Daddo di Iacopo,,Daddo di Iacopo,,,,,nein,unspezifizierbarer Maler,undefined,,,keine,,genannt 1424,,,,,,,,,,,,,,,
99,Dino di Giovanni Amici,,Dino di Giovanni Amici,,,,,nein,Stoffmaler,stoffmaler,um 1360,nach 1410,1413,,,,Möbelmaler Bernardo di Dino; Möbelmaler Giovanni di Dino; Möbelmaler Silvestro di Dino,Bernardo di Dino di Giovanni Amici; Giovanni di Dino di Giovanni Amici (Stampino); Silvestro di Dino di Giovanni di Dino Amici,,,,,,,,,,,,
102,Domenico di Bonaccorso,,Domenico di Bonaccorso,,,,,nein,Stoffmaler,stoffmaler,,,keine,,genannt 1404-1410,,,,,,,,,,,,,,,
105,Domenico di Giovanni,,Domenico di Giovanni,,,,,nein,unspezifizierbarer Maler,undefined,,,keine,,,,,,,,,,,,,,1407-1415 Lorenzo di Cione Ghiberti,,,
106,Domenico di Guido di Bonaiuto,,Domenico di Guido di Bonaiuto,,,,,nein,Möbelmaler,moebelmaler,um 1340,1407,1358,Arte dei Legnaioli 1422,,,Möbelmaler Andrea di Domenico; Möbelmaler Guido di Domenico; Möbelmaler Tommaso di Domenico,Andrea di Domenico di Guido; Guido di Domenico di Guido; Tommaso di Domenico di Guido,,,,,,,,,,,,
107,Domenico di Iacopo di Piero di Guido,,Domenico di Iacopo di Piero di Guido,,,,,nein,Möbelmaler,moebelmaler,um 1380,nach 1424,1408,Arte dei Legnaioli 1422,,Iacopo di Piero di Guido,,,,,,,,,,,,,,
108,Domenico di Lazzaro di Niccolò di Giuliano,,Domenico di Lazzaro di Niccolò di Giuliano,,,,,nein,Möbelmaler,moebelmaler,1420,nach 1458,1444,,,,,,,,,,,,,,,,,
109,Domenico di Matteo,,Domenico di Matteo,,,,,nein,unspezifizierbarer Maler,undefined,,1443?,keine,,,,,,,,,,,,,,,,,
111,Domenico di Niccolò di Piero,,Domenico di Niccolò di Piero,,,,,nein,Möbelmaler,moebelmaler,1410,nach 1458,1434,,,,,,,,,,,,,,,,,
112,Domenico di Nuccio di Iacopo,,Domenico di Nuccio di Iacopo,,,,,nein,unspezifizierbarer Maler,undefined,um 1355 / 1360,1403,1378,,,Nuccio di Iacopo,Iacopo di Domenico,Iacopo di Domenico di Nuccio,,,Gro'vater Iacopo di Nuccio,,,,,,,,,
114,Domenico di Stefano di Bartolo Giannuzzi,,Domenico di Stefano di Bartolo Giannuzzi,,,,,nein,Zimmermaler,zimmermaler,um 1360 / 1365,nach 1410,1384,,,,Zimmermaler Stefano di Domenico,Stefano di Domenico di Stefano di Bartolo Giannuzzi,,,,,,,,,,,,
66,Don Benedetto di Silvestro,Don ,Benedetto di Silvestro,,,,,nein,Miniaturist,miniaturist,,,keine,,genannt 1445-1473; Priester am Baptisterium; Domkaplan; später Domherr in Fiesole,,,,,,,,,,,,,,,
113,Don Domenico di Piero da Pisa,Don ,Domenico di Piero da Pisa,,,,,nein,Glasmaler,glasmaler,,,keine,,genannt 1434-1444; ist Prior von S.Sisto zu Pisa,,,,,,,,,,,,,,,
206,Don Guido di Niccolò da Pelago,Don ,Guido di Niccolò da Pelago,,,,,nein,Glasmaler,glasmaler,,,keine,,genannt 1438-1422; Pleban von S.Servazio zu Pelago und Kaplan von S. Pier Maggiore zu Florenz,,,,,,,,,,,,,,,
267,Don Niccolò di Rossello,Don ,Niccolò di Rossello,,,,,nein,Miniaturist,miniaturist,1407,1471,keine,,Kamaldulensermönch in S.Maria degli Angeli,,,,,,,,,,,,,,,
116,Donnino di Cino,,Donnino di Cino,,,,,nein,unspezifizierbarer Maler,undefined,um 1355,nach 1410,1376,,,,,,,,,,,,,,,,,
117,Donnino di Giovanni di Francesco,,Donnino di Giovanni di Francesco,,,,,nein,Spielkartenmaler; Möbelmaler,naibi,1370,nach 1447,1402,Arte dei Legnaioli 1433,,Piero di Donnino di Giovanni,,Giovanni di Donnino di Giovanni,,,,,,,,,,,,
119,Filippo di Bandino,,Filippo di Bandino,,,,,nein,unspezifizierbarer Maler,undefined,,,keine,,genannt 1410,,,,,Giovanni di Bandino,,,,,,,,,,
120,Filippo di Bartolo di Finaldo,,Filippo di Bartolo di Finaldo,,,,in Werkstatt 1413,nein,Tafelmaler,tafelmaler,1400,1425,1420,,,,,,,,,,,,,1413 Tafelmaler Don Lorenzo,,,,
122,Filippo di Gera,,Filippo di Gera,,,,,nein,Stoffmaler (speziell f'r Schuhe),stoffmaler,,,keine,,genannt 1404-1410,,,,,,,,,,,,,,,
123,Filippo di Marco di Simone,,Filippo di Marco di Simone,,,,,nein,Spielkartenmaler,naibi,1435,nach 1458,nach 1444,,,,,,,,,,,,,,,,,
125,Filippo di Paolo,,Filippo di Paolo,,,,,nein,unspezifizierbarer Maler,undefined,um 1360,nach 1407,,,,,Glasmaler Agnolo di Filippo,Agnolo di Filippo di Paolo (Agnolo di Lazzaro),,,,,,,,,,,,
127,Fortino d'Amadore,,Fortino d'Amadore,,,,,nein,Möbelmaler,moebelmaler,,,keine,Arte dei Legnaioli 1404,genannt 1404-1422,,,,,,,,,,,,,,,
60,Fra Bartolomeo di Tommaso,Fra ,Bartolomeo di Tommaso,,,,,nein,Glasmaler,glasmaler,,,keine,,genannt 1389-1431; keine Arte; ist Karmelitermönch in S. Maria del Carmine; später Priester in S. Croce sull’Arno (b. Fucecchio),,,,,,,,,,,,,,,
71,Fra Bernardo di Stefano,Fra ,Bernardo di Stefano,,Q76400101,,,nein,Glasmaler,glasmaler,,,keine,,genannt 1415-1443; Dominikanermönch in S. Maria Novella,,,,,,,,,,,,,,,
100,Fra Domenico,Fra ,Domenico,,,,,nein,Miniaturist,miniaturist,,,keine,,genannt 1404,,,,,,,,,,,,,,,
249,Fra Michele,Fra ,Michele,,,,,nein,Glasmaler,glasmaler,,,keine,,genannt 1437-1438,,,,,,,,,,,,,,,
306,Fra Ugolino di Domenico,Fra ,Ugolino di Domenico,,,,,nein,Miniaturist,miniaturist,,,keine,,genannt 1415,,,,,,,,,,,,,,,
128,Francesco d'Andrea di Giovanni Mangiabotti,,Francesco d'Andrea di Giovanni Mangiabotti,,,,,nein,Stoffmaler,stoffmaler,1421,1486,nach 1444?,,,Stoffmaler Andrea di Giovanni di Francesco,,,,,,,,,,,,,,
133,Francesco del Grasso,,Francesco del Grasso,,,,,nein,unspezifizierbarer Maler,undefined,,,keine,,genannt 1410,,,,,,,,,,,,,,,
130,Francesco di Bartolomeo di Francesco (Magno),,Francesco di Bartolomeo di Francesco,Magno,,,,nein,unspezifizierbarer Maler,undefined,um 1370,1405,1394,,,,,,,,,,,,,,,,,
131,Francesco di Gabriello di Nuccio,,Francesco di Gabriello di Nuccio,,,,,nein,Spielkartenmaler; Zimmermaler,naibi,1385,1451 / 1458,1406,,,,,,,,,,,,,,,,,
132,Francesco di Giovanni di Lapo di Bonaccorso (Lastra),,Francesco di Giovanni di Lapo di Bonaccorso,Lastra,,,,nein,Glasmaler,glasmaler,um 1390 / 1395,1498?,1415,,,,,,,,,,,,,,,,,
134,Francesco di Iacopo Arrighetti,,Francesco di Iacopo Arrighetti,,,,in Werkstatt 1412,nein,Möbelmaler; Tafelmaler,moebelmaler,1374,nach 1433,1404,Arte dei Legnaioli 1422,,,,,,,,,,,,,,,,
135,Francesco di Lorenzo di Francesco,,Francesco di Lorenzo di Francesco,,,,,nein,Miniaturist; Cartolaio,miniaturist,um 1420,nach 1471,1444,,,,,,,,,,,,,,,,,
136,Francesco di Piero,,Francesco di Piero,,,,,nein,Spielkartenmaler,naibi,um 1360,nach 1410,1384,,,,,,Spielkartenmaler Franco di Piero,Franco di Piero,,Giovanni di Franco di Piero,,,,,,,,
137,Francesco di Scolaio,,Francesco di Scolaio,,,,,nein,Zimmermaler,zimmermaler,um 1340,nach 1410,1368,,,,,,Zimmermaler Giovanni di Scolaio,Giovanni di Scolaio,,Scolaio di Giovanni di Scolaio,,,,,,,,
139,Francesco di Stefano di Lorenzo,,Francesco di Stefano di Lorenzo,,,,,nein,Waffenmaler,waffenmaler,1423,nach 1469,nach 1444?,,,Waffenmaler Stefano di Lorenzo,,,,,,,,,,,,,,
140,Franco di Piero,,Franco di Piero,,,,,nein,Spielkartenmaler,naibi,1364,nach 1433,keine,,,,Spielkartenmaler Giovanni di Franco,Giovanni di Franco di Piero,Spielkartenmaler Francesco di Piero,Francesco di Piero,,,,,,,,,,
147,Giorgio da Durazzo,,Giorgio da Durazzo,,,,,nein,unspezifizierbarer Maler,undefined,,,keine,,genannt 1410,,,,,,,,,,,,,,,
148,Giorgio di Giovanni da Pisa della Magna,,Giorgio di Giovanni da Pisa della Magna,,,,,nein,unspezifizierbarer Maler,undefined,,,1436,,genannt 1436-1451,,,,,,,,,,,,,,,
149,Giosu' di Santi di Gregorio,,Giosu' di Santi di Gregorio,,,,ü.dok.,nein,Tafelmaler,tafelmaler,1429,nach 1480,nach 1444?,,,,,,,,,,,,,,,,,
150,Giovanni (Allegrino),,Giovanni,Allegrino,,,,nein,Stoffmaler,stoffmaler,,,unknown,,genannt 1420,,,,,,,,,,,,,,,
151,Giovanni (Giovanni Schiavo),,Giovanni,Giovanni Schiavo,,,ü.dok.,nein,Wandmaler,Wandmaler,,,unknown,,genannt 1448,,,,Paolo Schiavo?,Paolo di Stefano (Paolo Schiavo),,,,,,,,,,
154,Giovanni d'Agnolo,,Giovanni d'Agnolo,,,,,nein,unspezifizierbarer Maler,undefined,,,keine,,genannt 1401-1410,,,,,,,,,,,,,,,
155,Giovanni d'Andrea di Lorenzo,,Giovanni d'Andrea di Lorenzo,,,,,nein,Glasmaler,glasmaler,,,keine,,genannt 1438-1473,,,,,,,,,,,,,,,
156,Giovanni d'Antonio (1410),,Giovanni d'Antonio (1410),,,,,nein,unspezifizierbarer Maler,undefined,,,keine,,genannt 1410,,,,,,,,,,,,,,,
157,Giovanni d'Antonio (1422),,Giovanni d'Antonio (1422),,,,,nein,unspezifizierbarer Maler,undefined,,,keine,,genannt 1422,,,,,,,,,,,,,,,
158,Giovanni d'Antonio di ser Guglielmo,,Giovanni d'Antonio di ser Guglielmo,,,,,nein,Stoffmaler,stoffmaler,um 1400,nach 1424,1420,,,,,,,,,,,,,,,,,
160,Giovanni d'Antonio di ser Niccolò,,Giovanni d'Antonio di ser Niccolò,,,,,nein,Stoffmaler,stoffmaler,1417,nach 1458,nach 1444?,,,,,,,,,,,,,,,,,
152,Giovanni da Cortona,,Giovanni da Cortona,,,,,nein,unspezifizierbarer Maler,undefined,,,unknown,,genannt 1404-1410,,,,,,,,,,,,,,,
153,Giovanni da San Miniato,,Giovanni da San Miniato,,Q55228304,102470219,,nein,unspezifizierbarer Maler,undefined,,,unknown,,genannt 1431,,,,,,,,,,,,,,,
161,Giovanni di Bandino,,Giovanni di Bandino,,,,,nein,Hobbymaler,hobby,um 1360,nach 1410,1378,,,,,,unspezifizierbarer Maler Filippo di Bandino,Filippo di Bandino,,,,,,,,,,
162,Giovanni di Barnaba di Michele,,Giovanni di Barnaba di Michele,,,,,nein,Gipsspezialist,gipsspezialist,um 1400,nach 1420,1420,,,Gipsspezialist Barnaba di Michele,,,,,,,,,,,,,,
165,Giovanni di Buono di Giovanni,,Giovanni di Buono di Giovanni,,,,,nein,Zimmermaler?,zimmermaler,um 1360,nach 1409,1378,,,,,,,,,,,,,,,,,
166,Giovanni di Cristofano di Francesco,,Giovanni di Cristofano di Francesco,,,,,nein,unspezifizierbarer Maler,undefined,1390,nach 1433,1418,,,,,,,,,,,,,,,,,
167,Giovanni di Dino di Giovanni Amici (Stampino),,Giovanni di Dino di Giovanni Amici,Stampino,,,,nein,Möbelmaler,moebelmaler,vor 1387,nach 1435,keine,Arte dei Legnaioli 1435,,,Möbelmaler Bernardo di Dino; Möbelmaler Silvestro di Dino,,,Bernardo di Dino di Giovanni Amici; Silvestro di Dino di Giovanni di Dino Amici,,,,,,,,,,
168,Giovanni di Domenico di Giovanni Strimati,,Giovanni di Domenico di Giovanni Strimati,,,,,nein,Möbelmaler?,moebelmaler,um 1430,1505,1440,,,,,,,,,,,,,,,,,
169,Giovanni di Donnino (Nuccia),,Giovanni di Donnino,Nuccia,,,,nein,Anstreicher,anstreicher,1380,nach 1427,keine,,,,,,,,,,,,,,,,,
170,Giovanni di Donnino di Francesco da Brucianesi,,Giovanni di Donnino di Francesco da Brucianesi,,,,,nein,Möbelmaler,moebelmaler,um 1400,nach 1424,keine,Arte dei Legnaioli 1419,,,,,,,,,,,,,,,,
171,Giovanni di Donnino di Giovanni,,Giovanni di Donnino di Giovanni,,,,,nein,Spielkartenmaler,naibi,1405,nach 1433,keine,,,Spielkartenmaler Donnino di Giovanni,,,Spielkartenmaler Piero di Donnino,Piero di Donnino di Giovanni,,,,,,,,,,
176,Giovanni di Franco di Piero,,Giovanni di Franco di Piero,,,,,nein,Spielkartenmaler,naibi,1426,1448,nach 1444?,,,Spielkartenmaler Franco di Piero,,,,,,,,,,,,,,
177,Giovanni di Fruosino di Fruosino,,Giovanni di Fruosino di Fruosino,,,,,nein,Steinmetz-Maler,steinmetz,1382,nach 1458,keine,,,,,,Miniaturist Bartolomeo di Fruosino,Bartolomeo di Fruosino di Fruosino,,,,,,,,,,
178,Giovanni di Giovanni (Nanni),,Giovanni di Giovanni,Nanni,,,,nein,unspezifizierbarer Maler,undefined,,,keine,,genannt 1410,,,,,,,,,,,,,,,
181,Giovanni di Guasparre di Bonaccorso,,Giovanni di Guasparre di Bonaccorso,,,,,nein,Möbelmaler,moebelmaler,1400,nach 1427,1418,,,Möbelmaler Guasparre di Bonaccorso,,,,,,,,,,,,,,
182,Giovanni di Guccio d'Aghinetto,,Giovanni di Guccio d'Aghinetto,,,,,nein,Zimmermaler,zimmermaler,1394,nach 1458,1421,,,Zimmermaler Guccio d'Aghinetto,,,,,,,,,,,,,,
183,Giovanni di Luca,,Giovanni di Luca,,,,,nein,unspezifizierbarer Maler,undefined,,,keine,,genannt 1407,,,,,,,,,,,,,,,
185,Giovanni di Niccolò,,Giovanni di Niccolò,,,,,nein,Miniaturist,miniaturist,um 1420,nach 1475,nach 1444?,,,,,,,,,,,,,,,,,
187,Giovanni di Piero da Traiecto (Utrecht?),,Giovanni di Piero da Traiecto (Utrecht?),,,,,nein,unspezifizierbarer Maler,undefined,,,keine,,genannt 1422,,,,,,,,,,,,,,,
188,Giovanni di Pigello (Pella),,Giovanni di Pigello,Pella,,,,nein,Möbelmaler,moebelmaler,um 1380,1410?,keine,,,,,,,,,,,,,,,,,
189,Giovanni di Scolaio,,Giovanni di Scolaio,,Q16185854,,,nein,Zimmermaler,zimmermaler,um 1340,nach 1410,keine,,,,,Scolaio di Giovanni di Scolaio,Maler Francesco di Scolaio,Francesco di Scolaio,,,,,,,,,,
172,Giovanni di ser Francesco,,Giovanni di ser Francesco,,,,,nein,Miniaturist,miniaturist,,,keine,,genannt 1436,,,,,,,,,,,,,,,
191,Giovanni di Tommaso,,Giovanni di Tommaso,,,,,nein,Steinmetz-Maler,steinmetz,,,keine,,,,,,Steinmetz-Maler Giusto di Tommaso,Giusto di Tommaso,,,,,,,,,,
195,Giuliano di Borgo da Pisa,,Giuliano di Borgo da Pisa,,,,,nein,Miniaturist,miniaturist,,,keine,,genannt 1447,,,,,,,,,,,,,,,
197,Giuliano di Michele,,Giuliano di Michele,,,,,nein,Miniaturist,miniaturist,1390,nach 1455,keine,,,,,,,,,,,,,,,,,
199,Giusto di Tommaso,,Giusto di Tommaso,,,,,nein,Steinmetz-Maler?,steinmetz,,,keine,,genannt 1404-1410,,,,Steinmetz-Maler Giovanni di Tommaso,Giovanni di Tommaso,,,,,,,,,,
200,Gregorio di Benedetto,,Gregorio di Benedetto,,,,,nein,Möbelmaler,moebelmaler,um 1400,nach 1433,keine,Arte dei Legnaioli 1433,,,,,,,,,,,,,,,,
201,Guasparre di Bonaccorso di Lapo,,Guasparre di Bonaccorso di Lapo,,,,,nein,Möbelmaler,moebelmaler,um 1380,nach 1430,1402,,,,Möbelmaler Giovanni di Guasparre,Giovanni di Guasparre di Bonaccorso,,Lapo di Bonaccorso di Lapo,,,,,,,,,,
203,Guccio d'Aghinetto,,Guccio d'Aghinetto,,,,,nein,Zimmermaler,zimmermaler,um 1350,nach 1410,1377,,,,Zimmermaler Giovanni di Guccio,Giovanni di Guccio d'Aghinetto,,,,,,,,,,,,
204,Guccio di Chimete,,Guccio di Chimete,,,,,nein,unspezifizierbarer Maler,undefined,,,keine,,genannt 1410,,,,,,,,,,,,,,,
205,Guido di Domenico di Guido,,Guido di Domenico di Guido,,,,,nein,Möbelmaler,moebelmaler,1362,nach 1433,1400,,,Möbelmaler Domenico di Guido,,,Möbelmaler Andrea di Domenico; Möbelmaler Tommaso di Domenico,Andrea di Domenico di Guido; Tommaso di Domenico di Guido,,Bartolomeo di Tommado di Domenico,,,,,,,,
208,Iacopo d'Antonio di Piero d'Andrea,,Iacopo d'Antonio di Piero d'Andrea,,,,,nein,Möbelmaler,moebelmaler,1416,nach 1433,1443,,,Möbelmaler Antonio di Piero,,,,,,,,,,,,,,
209,Iacopo di Bonaccorso,,Iacopo di Bonaccorso,,,,,nein,unspezifizierbarer Maler,undefined,um 1320,nach 1410,ca.1343,,,,,,,,,,,,,,,,,
211,Iacopo di Cristofano d'Andrea di Nuto,,Iacopo di Cristofano d'Andrea di Nuto,,,,,nein,Waffenmaler,waffenmaler,1401,1438,1421,,,Waffenmaler Cristofano d'Andrea,Maler Francesco di Iacopo,,,,,,,1433 Andrea di Giuliano d'Andrea,,,,,,
212,Iacopo di Domenico di Nuccio,,Iacopo di Domenico di Nuccio,,,,,nein,unspezifizierbarer Maler; Zollbeamter in Pisa,undefined,1382,nach 1451,1404 als Speziale,,,unspezifizierbarer Maler Domenico di Nuccio,,,,,,,,,,,,,,
213,Iacopo di Gherardo (Virghero),,Iacopo di Gherardo,Virghero,,,,nein,Hobbymaler; Anstreicher; Arzt,hobby,um 1360,nach 1412,1385,,,,,,,,,,,,,,,,,
214,Iacopo di Lorino di Cione,,Iacopo di Lorino di Cione,,,,,nein,unspezifizierbarer Maler,undefined,um 1360,nach 1394,1382,,,,Waffenmaler Antonio di Iacopo; Tafelmaler Giuliano di Iacopo,Antonio di Iacopo di Lorino di Cione; Giuliano di Iacopo di Lorino di Cino,,,,,,,,,,,,
215,Iacopo di Piero d'Antonio (Piccino),,Iacopo di Piero d'Antonio,Piccino; Piccinino,,,,nein,unspezifizierbarer Maler,undefined,1428,nach 1444?,,,,Ceri-Maler Piero d'Antonio,,,,,,,,,,,,,,
216,Iacopo di Piero di Guido,,Iacopo di Piero di Guido,,,,,nein,Möbelmaler,moebelmaler,um 1350 / 1360,nach 1409,keine,,,,Möbelmaler Domenico di Iacopo,Domenico di Iacopo di Piero di Guido,,,,,,,,,,,,
217,Iacopo di Poggino di Luca (Paparello),,Iacopo di Poggino di Luca,Paparello,,,,nein,Spielkartenmaler,naibi,1398,1481,1422,,,,,,,,,,,,,,,,,
218,Lapo d'Andrea,,Lapo d'Andrea,,,,,nein,unspezifizierbarer Maler,undefined,,,keine,,genannt 1431,,,,,,,,,,,,,,,
219,Lapo di Bonaccorso di Lapo,,Lapo di Bonaccorso di Lapo,,,,,nein,Möbelmaler,moebelmaler,um 1350,nach 1420,1374,,,,,,Möbelmaler Guasparre di Bonaccorso,Guasparre di Bonaccorso di Lapo,,Giovanni di Guasparre di Bonaccorso,,,,,,,,
222,Leone di Lapo di Guccio,,Leone di Lapo di Guccio,,,,,nein,unspezifizierbarer Maler,undefined,um 1360,1443,1378,,,Maler Lapo di Guccio,,,,,,Matteo di Iacopo di Lapo di Guccio; Berto di Iacopo di Lapo di Guccio,,,,,,,,
225,Lorenzo di Bindo di Filippo Roselli,,Lorenzo di Bindo di Filippo Roselli,,,,,nein,Miniaturist,miniaturist,um 1400,nach 1461,1422,,,,,Bindo di Lorenzo di Bindo di Filippo Rosselli,,,,,,,,,,,,
226,Lorenzo di Filippo Mingozzi da Borgo San Lorenzo,,Lorenzo di Filippo Mingozzi da Borgo San Lorenzo,,,,,nein,unspezifizierbarer Maler,undefined,um 1380,vor 1427,1413,,,,,,,,,,,,,,,,,
229,Lorenzo di Piero di Martino Randelli,,Lorenzo di Piero di Martino Randelli,,,,,nein,unspezifizierbarer Maler,undefined,1430,nach 1475,nach 1444?,,,,,,,,,,,,,,,,,
230,Lorenzo di Puccio di Piero,,Lorenzo di Puccio di Piero,,,,,nein,unspezifizierbarer Maler,undefined,1420,1464,1443,,,,,,,,,,,,,,,,,
232,Lorenzo di Spina di Lorenzo,,Lorenzo di Spina di Lorenzo,,,,,nein,Stoffmaler,stoffmaler,1389,nach 1427,keine,,,,,,,,,,,,,,,,,
233,Loro d'Antonio di Guido Rontini da Ronta,,Loro d'Antonio di Guido Rontini da Ronta,,,,,nein,Zimmermaler,zimmermaler,1403,1458,1427,,,,,,,,,,,,,,,,,
234,Luca di Giovanni,,Luca di Giovanni,,,,,nein,unspezifizierbarer Maler,undefined,um 1340,1414,ca.1360,,,,,,,,,,,,,,,,,
235,Luigi di Bartolomeo,,Luigi di Bartolomeo,,Q3839583,,,nein,unspezifizierbarer Maler,undefined,,,keine,,genannt 1446,,,,,,,,,,,,,,,
240,Mariotto di Manno di Pace,,Mariotto di Manno di Pace,,,,,nein,Möbelmaler,moebelmaler,1399,nach 1458,1417,Arte dei Legnaioli 1433,,,,,,,,,,,,,,,,
242,Massaio di Iacopo di Massaio,,Massaio di Iacopo di Massaio,,,,in Werkstatt 1394,nein,Ceri-Maler,ceri,1375,1433,1398,,,,Tafelmaler Piero di Massaio,Piero di Massaio di Iacopo di Massaio,,,,,,,,,,,,
243,Matteo (Balzanello),,Matteo,Balzanello,,,,nein,unspezifizierbarer Maler,undefined,um 1330,nach 1410,1355,,,,,,,,,,,,,,,,,
245,Matteo di Giovanni Grimaldi,,Matteo di Giovanni Grimaldi,,,,,nein,Miniaturist,miniaturist,1413,nach 1461,keine,,,,,,,,,,,,,,,,,
246,Matteo di Iacopo di Lapo di Guccio,,Matteo di Iacopo di Lapo di Guccio,,,,,nein,unspezifizierbarer Maler,undefined,um 1360,nach 1410,1378,,,,,,unspezifizierbarer Maler Berto di Iacopo,Berto di Iacopo di Lapo di Guccio,Onkel unspezifizierbarer Maler Leone di Lapo,,,,,,,,,
248,Mercatino di Maestro Bartolo di Mercatino,,Mercatino di Maestro Bartolo di Mercatino,,,,,nein,Hobbymaler,hobby,um 1350,nach 1404,1377,,,,,,,,,,,,,,,,,
251,Michele d'Agnolo di Baldino di Michele,,Michele d'Agnolo di Baldino di Michele,,,,,nein,Zimmermaler,zimmermaler,um 1390,1422 / 1427,1418,,,Zimmermaler Agnolo di Baldino,,,,,,,,,,,,,,
252,Michele d'Agnolo di Piero,,Michele d'Agnolo di Piero,,,,in Werkstatt 1422,nein,Tafelmaler?,tafelmaler,,,keine,,genannt 1422,,,,,,,,,,,,1422 Gehilfe bei Don Lorenzo?,,,
253,Michele di Benedetto di Benedetto (Michelino),,Michele di Benedetto di Benedetto ,Michelino,,,,nein,Möbelmaler,moebelmaler,1385,1447 / 1451,1404,,,,,,Möbelmaler Andrea di Benedetto; Möbelmaler Piero di Benedetto,Andrea di Benedetto di Benedetto; Piero di Benedetto di Benedetto,,,,,,,,,,
254,Michele di Giovanni,,Michele di Giovanni,,,,,nein,Möbelmaler; Forzerinaio,moebelmaler,um 1370,1404,1393,,,,,,,,,,,,,,,,,
256,Michele di Giovanni del Tria,,Michele di Giovanni del Tria,,,,,nein,Zimmermaler,zimmermaler,1379,nach 1447,keine,,,,,,,,,,,,,,,,,
255,Michele di Giovanni Stracchi,,Michele di Giovanni Stracchi,,,,,nein,Möbelmaler,moebelmaler,um 1365,nach 1412,1387,,,,Möbelmaler Alberto di Michele,Alberto di Michele di Giovanni Stracchi,,,,,,,,,,,,
257,Michele di Giuliano di Rico,,Michele di Giuliano di Rico,,,,,nein,unspezifizierbarer Maler,undefined,um 1370,1410?,1399,,,,,,,,,,,,,,,,,
258,Neri d'Antonio di Neri,,Neri d'Antonio di Neri,,Q1977954,,ü.dok.,nein,Tafelmaler,tafelmaler,um 1375,1400 / 1401,1396,,,,,,,,,,,,,,,,,
260,Niccolò d'Andrea da Lucca (Lucchesino),,Niccolò d'Andrea da Lucca,Lucchesino,,,,nein,Zimmermaler; Anstreicher,zimmermaler,1399,nach 1458,keine,,,,,,,,,,,,,,,,,
266,Niccolò di Piero Tedesco (Della Magna),,Niccolò di Piero Tedesco,Della Magna,,,,nein,Glasmaler,glasmaler,um 1350,1416,1402,,,,,,,,,,,,,,,,,
269,Nofri di Bardo,,Nofri di Bardo,,,,,nein,unspezifizierbarer Maler,undefined,,,keine,,genannt 1392-1404,,,,,,,,,,,,,,,
270,Nofri di Maestro Felice,,Nofri di Maestro Felice,,,,,nein,Zimmermaler?,zimmermaler,,,keine,,genannt 1400,,,,,,,,,,,,,,,
273,Piero d'Andrea,,Piero d'Andrea,,,,,nein,Möbelmaler,moebelmaler,1362,nach 1433,1403,,,,Möbelmaler Antonio di Piero,Antonio di Piero d'Andrea,,,,,,,,,,,,
275,Piero di Benedetto di Benedetto,,Piero di Benedetto di Benedetto,,,,,nein,Möbelmaler,moebelmaler,1394,1431 / 1433,keine,,,,,,Möbelmaler Andrea di Benedetto; Möbelmaler Michele di Benedetto,Andrea di Benedetto di Benedetto; Michele di Benedetto di Benedetto (Michelino),,,,,,,,,,
278,Piero di Cosimo,,Piero di Cosimo,,,,,nein,unspezifizierbarer Maler,undefined,,,nach 1444?,,genannt 1447,,,,,,,,,,,,,,,
280,Piero di Francesco di Martino,,Piero di Francesco di Martino,,,,,nein,Möbelmaler,moebelmaler,1402,1494,1425,,,,,,,,,,,,,,,,,
281,Piero di Giovanni,,Piero di Giovanni,,,,,nein,Zimmermaler,zimmermaler,um 1350,nach 1410,1369,,,,,,,,,,,,,,,,,
282,Piero di Giovanni di Fino,,Piero di Giovanni di Fino,,,,,nein,unspezifizierbarer Maler,undefined,1402,nach 1458,keine,,,,,,,,,,,,,,,,,
284,Piero di Lorenzo di Pratese di Bartolo,,Piero di Lorenzo di Pratese di Bartolo,,Q18218240,,,nein,Waffenmaler,waffenmaler,1412,1487,1440,,,,,,,,,,,,,,,,,
285,Piero di Massaio di Iacopo di Massaio,,Piero di Massaio di Iacopo di Massaio,,,,ü.Cat.,nein,Tafelmaler,tafelmaler,1420,nach 1468,1439,,,Ceri-Maler Massaio di Iacopo,,,,,,,,,,,,,,
82,Prete ser Bonaiuto di Corsino di Bonaiuto,,Prete ser Bonaiuto di Corsino di Bonaiuto,,,,,nein,Möbelmaler,moebelmaler,um 1365,nach 1416,1389,,zunächst bürgerlicher Maler; dann Priester,,,,,,,,,,,,,,,
223,Prete ser Lorenzo d'Antonio da Pelago,,Prete ser Lorenzo d'Antonio da Pelago,,,,,nein,Glasmaler,glasmaler,,,keine,,genannt 1441-1460; Kaplan von S.Pier Maggiore und Sakristan des Domes,,,,,,,,,,,,,,,
288,Puccio (di Filippo?),,Puccio (di Filippo?),,,,in Werkstatt 1410,nein,Tafelmaler,tafelmaler,,,keine,,genannt 1411,,,,,,,,,,,,,,,
221,Ser Lapo di Giovanni di Lapo,Ser ,Lapo di Giovanni di Lapo,,,,,nein,Miniaturist,miniaturist,,,keine,,genannt 1446-1482,,,,,,,,,,,,,,,
292,Silvestro di Dino di Giovanni di Dino Amici,,Silvestro di Dino di Giovanni di Dino Amici,,,,,nein,Möbelmaler,moebelmaler,1387,nach 1433,1413,Arte dei Legnaioli 1421,,,,,Möbelmaler Bernardo di Gino; Möbelmaler Giovanni di Dino,Bernardo di Dino di Giovanni Amici; Giovanni di Dino di Giovanni Amici (Stampino),,,,,,,,,,
296,Stefano di Domenico di Stefano di Bartolo Giannuzzi,,Stefano di Domenico di Stefano di Bartolo Giannuzzi,,,,,nein,Zimmermaler,zimmermaler,um 1390,nach 1413,1413,,,,,,,,,,,,,,,,,
297,Stefano di Francesco Borgoli,,Stefano di Francesco Borgoli,,,,,nein,unspezifizierbarer Maler,undefined,um 1380,vor 1427,1406,,,,Tafelmaler Francesco di Stefano di Francesco,Francesco di Stefano di Francesco (Pesellino),,,Schwiegervater Waffenmaler Giuliano d'Arrigo,,,,,,,,,
299,Stefano di Lorenzo di Puccetto,,Stefano di Lorenzo di Puccetto,,,,,nein,Waffenmaler,waffenmaler,1377,vor 1442,1403,,,,Waffenmaler Francesco di Stefano di Lorenzo,Francesco di Stefano di Lorenzo,,,,,,1433 Andrea di Giuliano d'Andrea,,,,,,
300,Stefano di Nero di Nero,,Stefano di Nero di Nero,,,,,nein,Zimmermaler,zimmermaler,1370,1458,keine,,,,,,,,,,,,,,,,,
302,Tommaso di Domenico di Guido,,Tommaso di Domenico di Guido,,,,,nein,Möbelmaler,moebelmaler,um 1360 / 1365,nach 1410,1376,,,Möbelmaler Domenico di Guido,,Bartolomeo di Tommado di Domenico,Möbelmaler Andrea di Domenico; Möbelmaler Guido di Domenico,Andrea di Domenico di Guido; Guido di Domenico di Guido,,,,,,,,,,
304,Tommaso di Matteo,,Tommaso di Matteo,,,,,nein,Möbelmaler,moebelmaler,um 1350,nach 1410,1371,,,,,,,,,,,,,,,,,
305,Tommaso di Stefano,,Tommaso di Stefano,,,,,nein,Steinmetz-Maler,steinmetz,um 1360,nach 1410,keine,Arte di Pietra e Legname 1385,,,,,,,,,,,,,,,,
308,Vittorio di Domenico,,Vittorio di Domenico,,,,,nein,Tafelmaler,tafelmaler,um 1380,nach 1410,keine,,,,,,,,,,,,,,1393-1395 Gehilfe bei Agnolo di Taddeo Gaddi,,,
313,Zucchero di Giovanni di Tino,,Zucchero di Giovanni di Tino,,,,,nein,unspezifizierbarer Maler,undefined,um 1380,1425,1402,,,,,,,,,,,,,,,,,
